Genus,Subgenus,Species,Subspecies,Sex,GenSpAgapostemon,(Agapostemon),angelicus,,m,Agapostemon angelicus Agapostemon,(Agapostemon),texanus,,m,Agapostemon texanus Andrena,(Anchandrena),quercina,,m,Andrena quercina Andrena,(Andrena),birtwelli,,m,Andrena birtwelli Andrena,(Andrena),ceanothifloris,cretata,m,Andrena ceanothifloris cretataAndrena,(Andrena),edwardsi,,m,Andrena edwardsi Andrena,(Andrena),frigida,,m,Andrena frigida Andrena,(Andrena),hemileuca,,m,Andrena hemileuca Andrena,(Andrena),mesoleuca,,m,Andrena mesoleuca Andrena,(Andrena),monoensis,,m,Andrena monoensis Andrena,(Andrena),monogonoparia,,m,Andrena monogonoparia Andrena,(Andrena),prolixa,,m,Andrena prolixa Andrena,(Andrena),thaspii,,m,Andrena thaspii Andrena,(Andrena),vicinoides,,m,Andrena vicinoides Andrena,(Andrena),washingtoni,,m,Andrena washingtoni Andrena,(Cnemidandrena),columbiana,,m,Andrena columbiana Andrena,(Cnemidandrena),scutellinitens,,m,Andrena scutellinitens Andrena,(Cnemidandrena),surda,,m,Andrena surda Andrena,(Dasyandrena),cristata,,m,Andrena cristata Andrena,(Dasyandrena),obscuripostica,,m,Andrena obscuripostica Andrena,(Derandrena),arctostaphylae,,m,Andrena arctostaphylae Andrena,(Derandrena),vandykei,,m,Andrena vandykei Andrena,(Diandrena),chalybaea,,m,Andrena chalybaea Andrena,(Diandrena),chalybioides,,m,Andrena chalybioides Andrena,(Diandrena),chlorosoma,,m,Andrena chlorosoma Andrena,(Diandrena),lewisorum,,m,Andrena lewisorum Andrena,(Diandrena),nothocalaidis,,m,Andrena nothocalaidis Andrena,(Diandrena),subapasta,,m,Andrena subapasta Andrena,(Erandrena),principalis,,m,Andrena principalis Andrena,(Euandrena),astragali,,m,Andrena astragali Andrena,(Euandrena),auricoma,,m,Andrena auricoma Andrena,(Euandrena),caerulea,,m,Andrena caerulea Andrena,(Euandrena),chlorura,,m,Andrena chlorura Andrena,(Euandrena),hamulata,,m,Andrena hamulata Andrena,(Euandrena),nigrihirta,,m,Andrena nigrihirta Andrena,(Euandrena),nigrocaerulea,,m,Andrena nigrocaerulea Andrena,(Euandrena),ribblei,,m,Andrena ribblei Andrena,(Geissandrena),trevoris,,m,Andrena trevoris Andrena,(Hesperandrena),pulverea,,m,Andrena pulverea Andrena,(Holandrena),cressonii,infasciata,m,Andrena cressonii infasciataAndrena,(Larandrena),miserabilis,,m,Andrena miserabilis Andrena,(Leucandrena),barbilabris,,m,Andrena barbilabris Andrena,(Melandrena),cerasifolii,,m,Andrena cerasifolii Andrena,(Melandrena),nivalis,,m,Andrena nivalis Andrena,(Melandrena),pertristis,carliniformis,m,Andrena pertristis carliniformisAndrena,(Melandrena),transnigra,,m,Andrena transnigra Andrena,(Micrandrena),chlorogaster,,m,Andrena chlorogaster Andrena,(Micrandrena),melanochroa,,m,Andrena melanochroa Andrena,(Onagrandrena),omninigra,omninigra,m,Andrena omninigra omninigraAndrena,(Parandrena),concinnula,,m,Andrena concinnula Andrena,(Plastandrena),prunorum,prunorum,m,Andrena prunorum prunorumAndrena,(Psammandrena),congrua,,m,Andrena congrua Andrena,(Scaphandrena),chapmanae,,m,Andrena chapmanae Andrena,(Scaphandrena),cruciferarum,,m,Andrena cruciferarum Andrena,(Scaphandrena),lomatii,,m,Andrena lomatii Andrena,(Scaphandrena),merriami,,m,Andrena merriami Andrena,(Simandrena),angustitarsata,,m,Andrena angustitarsata Andrena,(Simandrena),pallidifovea,,m,Andrena pallidifovea Andrena,(Thysandrena),candida,,m,Andrena candida Andrena,(Thysandrena),knuthiana,,m,Andrena knuthiana Andrena,(Thysandrena),medionitens,,m,Andrena medionitens Andrena,(Thysandrena),vierecki,,m,Andrena vierecki Andrena,(Trachandrena),cleodora,cleodora,m,Andrena cleodora cleodoraAndrena,(Trachandrena),forbesii,,m,Andrena forbesii Andrena,(Trachandrena),miranda,,m,Andrena miranda Andrena,(Trachandrena),quintiliformis,,m,Andrena quintiliformis Andrena,(Trachandrena),striatifrons,,m,Andrena striatifrons Andrena,(Tylandrena),subaustralis,,m,Andrena subaustralis Anthidiellum,(Loyalanthidium),ehrhorni,,m,Anthidiellum ehrhorni Anthidiellum,(Loyalanthidium),notatum,robertsoni,m,Anthidiellum notatum robertsoniAnthidiellum,(Loyalanthidium),robertsoni,,m,Anthidiellum robertsoni Anthidium,(Anthidium),atrifrons,,m,Anthidium atrifrons Anthidium,(Anthidium),banningense,,m,Anthidium banningense Anthidium,(Anthidium),clypeodentatum,,m,Anthidium clypeodentatum Anthidium,(Anthidium),maculosum,,m,Anthidium maculosum Anthidium,(Anthidium),mormonum,,m,Anthidium mormonum Anthidium,(Anthidium),placitum,,m,Anthidium placitum Anthidium,(Anthidium),tenuiflorae,,m,Anthidium tenuiflorae Anthidium,(Anthidium),utahense,,m,Anthidium utahense Anthidium,(Callanthidium),illustre,,m,Anthidium illustre Anthophora,(Anthophoroides),phaceliae,,m,Anthophora phaceliae Anthophora,(Clisodon),terminalis,,m,Anthophora terminalis Anthophora,(Heliophila),exigua,,m,Anthophora exigua Anthophora,(Melea),bomboides,,m,Anthophora bomboides Anthophora,(Mystacanthophora),urbana,,m,Anthophora urbana Anthophora,(Paramegilla),centriformis,,m,Anthophora centriformis Apis,,mellifera,,m,Apis mellifera Ashmeadiella,(Arogochila),australis,,m,Ashmeadiella australis Ashmeadiella,(Arogochila),eurynorhyncha,,m,Ashmeadiella eurynorhyncha Ashmeadiella,(Arogochila),salviae,,m,Ashmeadiella salviae Ashmeadiella,(Arogochila),stenognatha,,m,Ashmeadiella stenognatha Ashmeadiella,(Arogochila),timberlakei,,m,Ashmeadiella timberlakei Ashmeadiella,(Ashmeadiella),aridula,,m,Ashmeadiella aridula Ashmeadiella,(Ashmeadiella),bucconis,bucconis,m,Ashmeadiella bucconis bucconisAshmeadiella,(Ashmeadiella),cactorum,,m,Ashmeadiella cactorum Ashmeadiella,(Ashmeadiella),californica,,m,Ashmeadiella californica Ashmeadiella,(Ashmeadiella),cubiceps,cubiceps,m,Ashmeadiella cubiceps cubicepsAshmeadiella,(Ashmeadiella),difugita,emarginatula,m,Ashmeadiella difugita emarginatulaAshmeadiella,(Ashmeadiella),foveata,,m,Ashmeadiella foveata Ashmeadiella,(Ashmeadiella),gillettei,,m,Ashmeadiella gillettei Ashmeadiella,(Ashmeadiella),meliloti,,m,Ashmeadiella meliloti Atoposmia,(Atoposmia),abjecta,alta,m,Atoposmia abjecta altaAtoposmia,(Atoposmia),elongata,,m,Atoposmia elongata Atoposmia,(Atoposmia),hebitis,,m,Atoposmia hebitis Atoposmia,(Atoposmia),oregona,,m,Atoposmia oregona Atoposmia,(Atoposmia),triodonta,shastensis,m,Atoposmia triodonta shastensisAtoposmia,(Hexosmia),copelandica,,m,Atoposmia copelandica Bombus,(Alpinobombus),balteatus,,m,Bombus balteatus Bombus,(Crotchiibombus),crotchii,,m,Bombus crotchii Bombus,(Fervidobombus),californicus,,m,Bombus californicus Bombus,(Psithyrus),fernaldae,,m,Bombus fernaldae Bombus,(Psithyrus),insularis,,m,Bombus insularis Bombus,(Pyrobombus),bifarius,,m,Bombus bifarius Bombus,(Pyrobombus),flavifrons,,m,Bombus flavifrons Bombus,(Pyrobombus),melanopygus,,m,Bombus melanopygus Bombus,(Pyrobombus),mixtus,,m,Bombus mixtus Bombus,(Pyrobombus),sylvicola,,m,Bombus sylvicola Bombus,(Pyrobombus),vandykei,,m,Bombus vandykei Bombus,(Pyrobombus),vosnesenskii,,m,Bombus vosnesenskii Bombus,(Separatobombus),morrisoni,,m,Bombus morrisoni Calliopsis,(Micronomadopsis),fracta,,m,Calliopsis fracta Calliopsis,(Micronomadopsis),trifolii,,m,Calliopsis trifolii Calliopsis,(Nomadopsis),anthidia,anthidia,m,Calliopsis anthidia anthidiaCalliopsis,(Nomadopsis),cincta,cincta,m,Calliopsis cincta cinctaCalliopsis,(Nomadopsis),edwardsii,,m,Calliopsis edwardsii Calliopsis,(Nomadopsis),linsleyi,,m,Calliopsis linsleyi Calliopsis,(Nomadopsis),micheneri,,m,Calliopsis micheneri Calliopsis,(Nomadopsis),zonalis,sierrae,m,Calliopsis zonalis sierraeCeratina,(Ceratina),arizonensis,,m,Ceratina arizonensis Ceratina,(Zadontomerus),acantha,,m,Ceratina acantha Ceratina,(Zadontomerus),nanula,,m,Ceratina nanula Ceratina,(Zadontomerus),pacifica,,m,Ceratina pacifica Ceratina,(Zadontomerus),punctigena,,m,Ceratina punctigena Ceratina,(Zadontomerus),sequoiae,,m,Ceratina sequoiae Ceratina,(Zadontomerus),tejonensis,,m,Ceratina tejonensis Ceratina,(Zadontomerus),timberlakei,,m,Ceratina timberlakei Chelostoma,(Chelostoma),cockerelli,,m,Chelostoma cockerelli Chelostoma,(Chelostoma),incisulum,,m,Chelostoma incisulum Chelostoma,(Chelostoma),marginatum,incisuloides,m,Chelostoma marginatum incisuloidesChelostoma,(Chelostoma),minutum,,m,Chelostoma minutum Chelostoma,(Chelostoma),phaceliae,,m,Chelostoma phaceliae Coelioxys,(Boreocoelioxys),moesta,,m,Coelioxys moesta Coelioxys,(Boreocoelioxys),novomexicana,,m,Coelioxys novomexicana Coelioxys,(Boreocoelioxys),porterae,,m,Coelioxys porterae Coelioxys,(Coelioxys),aff. sodalis,,m,Coelioxys aff. sodalis Coelioxys,(Coelioxys),serricaudata,,m,Coelioxys serricaudata Coelioxys,(Coelioxys),sodalis,,m,Coelioxys sodalis Coelioxys,(Cyrtocoelioxys),aff. gilensis,,m,Coelioxys aff. gilensis Coelioxys,(Synocoelioxys),apacheorum,,m,Coelioxys apacheorum Colletes,,gypsicolens,,m,Colletes gypsicolens Colletes,consors,consors,pascoensis,m,Colletes consors pascoensisColletes,consors,nigrifrons,,m,Colletes nigrifrons Colletes,consors,paniscus,mertensiae,m,Colletes paniscus mertensiaeColletes,hyalinus,lutzi,monticola,m,Colletes lutzi monticolaColletes,simulans,fulgidus,fulgidus,m,Colletes fulgidus fulgidusColletes,simulans,kincaidii,,m,Colletes kincaidii Colletes,simulans,slevini,,m,Colletes slevini Diadasia,,angusticeps,,m,Diadasia angusticeps Diadasia,,bituberculata,,m,Diadasia bituberculata Diadasia,,diminuta,,m,Diadasia diminuta Diadasia,,laticauda,,m,Diadasia laticauda Diadasia,,nigrifrons,,m,Diadasia nigrifrons Dianthidium,(Dianthidium),dubium,,m,Dianthidium dubium Dianthidium,(Dianthidium),dubium,dubium,m,Dianthidium dubium dubiumDianthidium,(Dianthidium),heterulkei,heterulkei,m,Dianthidium heterulkei heterulkeiDianthidium,(Dianthidium),plenum,,m,Dianthidium plenum Dianthidium,(Dianthidium),pudicum,,m,Dianthidium pudicum Dianthidium,(Dianthidium),pudicum,pudicum,m,Dianthidium pudicum pudicumDianthidium,(Dianthidium),singulare,,m,Dianthidium singulare Dianthidium,(Dianthidium),ulkei,,m,Dianthidium ulkei Dioxys,,aurifusca,,m,Dioxys aurifusca Dioxys,,pacifica,pacifica,m,Dioxys pacifica pacificaDioxys,,pomonae,pomonae,m,Dioxys pomonae pomonaeDioxys,,producta,cismontanica,m,Dioxys producta cismontanicaDufourea,,bernardina,,m,Dufourea bernardina Dufourea,,calochorti,,m,Dufourea calochorti Dufourea,,cuprea,,m,Dufourea cuprea Dufourea,,femorata,,m,Dufourea femorata Dufourea,,fimbriata,,m,Dufourea fimbriata Dufourea,,holocyanea,,m,Dufourea holocyanea Dufourea,,nemophilae,,m,Dufourea nemophilae Dufourea,,neospinifera,,m,Dufourea neospinifera Dufourea,,pectinipes,,m,Dufourea pectinipes Dufourea,,spilura,,m,Dufourea spilura Dufourea,,subdavidsoni,,m,Dufourea subdavidsoni Dufourea,,trochantera,,m,Dufourea trochantera Dufourea,,versatilis,rubriventris,m,Dufourea versatilis rubriventrisEpeolus,,americanus,,m,Epeolus americanus Epeolus,,compactus,,m,Epeolus compactus Epeolus,,minimus,,m,Epeolus minimus Eucera,(Synhalonia),acerba,,m,Eucera acerba Eucera,(Synhalonia),actuosa,,m,Eucera actuosa Eucera,(Synhalonia),edwardsii,,m,Eucera edwardsii Eucera,(Synhalonia),frater,albopilosa,m,Eucera frater albopilosaEucera,(Synhalonia),lunata,,m,Eucera lunata Eucera,(Synhalonia),venusta,carinata,m,Eucera venusta carinataHabropoda,,dammersi,,m,Habropoda dammersi Habropoda,,depressa,,m,Habropoda depressa Habropoda,,tristissima,,m,Habropoda tristissima Halictus,(Halictus),farinosus,,m,Halictus farinosus Halictus,(Halictus),ligatus,,m,Halictus ligatus Halictus,(Halictus),rubicundus,,m,Halictus rubicundus Halictus,(Seladonia),tripartitus,,m,Halictus tripartitus Heriades,(Neotrypetes),cressoni,,m,Heriades cressoni Hesperapis,(Panurgomia),regularis,,m,Hesperapis regularis Hoplitis,(Acrosmia),laevibullata,,m,Hoplitis laevibullata Hoplitis,(Alcidamea),colei,,m,Hoplitis colei Hoplitis,(Alcidamea),grinnelli,,m,Hoplitis grinnelli Hoplitis,(Alcidamea),producta,bernardina,m,Hoplitis producta bernardinaHoplitis,(Alcidamea),producta,gracilis,m,Hoplitis producta gracilisHoplitis,(Alcidamea),sambuci,,m,Hoplitis sambuci Hoplitis,(Alcidamea),uvulalis,,m,Hoplitis uvulalis Hoplitis,(Cyrtosmia),hypocrita,,m,Hoplitis hypocrita Hoplitis,(Hoplitina),linsdalei,,m,Hoplitis linsdalei Hoplitis,(Monumetha),albifrons,maura,m,Hoplitis albifrons mauraHoplitis,(Monumetha),fulgida,platyura,m,Hoplitis fulgida platyuraHoplitis,(Proteriades),nanula,sparsa,m,Hoplitis nanula sparsaHoplitis,(Proteriades),seminigra,,m,Hoplitis seminigra Hylaeus,(Cephalylaeus),basalis,,m,Hylaeus basalis Hylaeus,(Cephalylaeus),nunenmacheri,,m,Hylaeus nunenmacheri Hylaeus,(Hylaeus),annulatus,,m,Hylaeus annulatus Hylaeus,(Hylaeus),granulatus,,m,Hylaeus granulatus Hylaeus,(Hylaeus),mesillae,cressoni,m,Hylaeus mesillae cressoniHylaeus,(Hylaeus),rudbeckiae,,m,Hylaeus rudbeckiae Hylaeus,(Hylaeus),verticalis,,m,Hylaeus verticalis Hylaeus,(Paraprosopis),calvus,,m,Hylaeus calvus Hylaeus,(Paraprosopis),coloradensis,,m,Hylaeus coloradensis Hylaeus,(Paraprosopis),nevadensis,,m,Hylaeus nevadensis Hylaeus,(Paraprosopis),personatellus,,m,Hylaeus personatellus Hylaeus,(Paraprosopis),polifolii,,m,Hylaeus polifolii Hylaeus,(Paraprosopis),timberlakei,,m,Hylaeus timberlakei Hylaeus,(Paraprosopis),wootoni,,m,Hylaeus wootoni Hylaeus,(Prosopis),episcopalis,,m,Hylaeus episcopalis Hylaeus,(Prosopis),episcopalis,episcopalis,m,Hylaeus episcopalis episcopalisHylaeus,(Prosopis),episcopalis,giffardiellus,m,Hylaeus episcopalis giffardiellusHylaeus,(Prosopis),modestus,citrinifrons,m,Hylaeus modestus citrinifronsLasioglossum,(Dialictus),albohirtum,,m,Lasioglossum albohirtum Lasioglossum,(Dialictus),albuquerquense,,m,Lasioglossum albuquerquense Lasioglossum,(Dialictus),brunneiventre,,m,Lasioglossum brunneiventre Lasioglossum,(Dialictus),cyaneonotum,,m,Lasioglossum cyaneonotum Lasioglossum,(Dialictus),glabriventre,,m,Lasioglossum glabriventre Lasioglossum,(Dialictus),hyalinum,,m,Lasioglossum hyalinum Lasioglossum,(Dialictus),incompletum,,m,Lasioglossum incompletum Lasioglossum,(Dialictus),knereri,,m,Lasioglossum knereri Lasioglossum,(Dialictus),nevadense,,m,Lasioglossum nevadense Lasioglossum,(Dialictus),nevadense shiney,,m,Lasioglossum nevadense shiney Lasioglossum,(Dialictus),obscurior,,m,Lasioglossum obscurior Lasioglossum,(Dialictus),petrellum,,m,Lasioglossum petrellum Lasioglossum,(Dialictus),pilosum,pilosum,m,Lasioglossum pilosum pilosumLasioglossum,(Dialictus),punctatoventre,,m,Lasioglossum punctatoventre Lasioglossum,(Dialictus),ruidosense,,m,Lasioglossum ruidosense Lasioglossum,(Dialictus),semicaeruleum,,m,Lasioglossum semicaeruleum Lasioglossum,(Dialictus),tegulare,,m,Lasioglossum tegulare Lasioglossum,(Dialictus),tuolumnense,,m,Lasioglossum tuolumnense Lasioglossum,(Dialictus),veganum,,m,Lasioglossum veganum Lasioglossum,(Evylaeus),allonotum,,m,Lasioglossum allonotum Lasioglossum,(Evylaeus),inconditus,,m,Lasioglossum inconditus Lasioglossum,(Evylaeus),ovaliceps,,m,Lasioglossum ovaliceps Lasioglossum,(Lasioglossum),anhypops,,m,Lasioglossum anhypops Lasioglossum,(Lasioglossum),egregium,,m,Lasioglossum egregium Lasioglossum,(Lasioglossum),mellipes,,m,Lasioglossum mellipes Lasioglossum,(Lasioglossum),olympiae,,m,Lasioglossum olympiae Lasioglossum,(Lasioglossum),sisymbrii,,m,Lasioglossum sisymbrii Lasioglossum,(Lasioglossum),timberlakei,,m,Lasioglossum timberlakei Lasioglossum,(Lasioglossum),titusi,,m,Lasioglossum titusi Lasioglossum,(Lasioglossum),trizonatum,,m,Lasioglossum trizonatum Megachile,(Argyropile),parallela,,m,Megachile parallela Megachile,(Chelostomoides),angelarum,,m,Megachile angelarum Megachile,(Chelostomoides),texensis,,m,Megachile texensis Megachile,(Eutricharaea),apicalis,,m,Megachile apicalis Megachile,(Eutricharaea),melanogaster,,m,Megachile melanogaster Megachile,(Leptorachis),angularis,,m,Megachile angularis Megachile,(Litomegachile),brevis,onobrychidis,m,Megachile brevis onobrychidisMegachile,(Litomegachile),gentilis,,m,Megachile gentilis Megachile,(Litomegachile),texana,,m,Megachile texana Megachile,(Megachile),montivaga,,m,Megachile montivaga Megachile,(Megachile),relativa,,m,Megachile relativa Megachile,(Megachiloides),gravita,,m,Megachile gravita Megachile,(Megachiloides),pascoensis,,m,Megachile pascoensis Megachile,(Megachiloides),pseudonigra,,m,Megachile pseudonigra Megachile,(Megachiloides),subnigra,,m,Megachile subnigra Megachile,(Megachiloides),subnigra,angelica,m,Megachile subnigra angelicaMegachile,(Megachiloides),wheeleri,,m,Megachile wheeleri Megachile,(Sayapis),fidelis,,m,Megachile fidelis Megachile,(Sayapis),frugalis,pseudofrugalis,m,Megachile frugalis pseudofrugalisMegachile,(Sayapis),inimica,jacumbensis,m,Megachile inimica jacumbensisMegachile,(Sayapis),inimica,sayi,m,Megachile inimica sayiMegachile,(Sayapis),policaris,,m,Megachile policaris Megachile,(Sayapis),pugnata,pomonae,m,Megachile pugnata pomonaeMegachile,(Xanthosarus),frigida,,m,Megachile frigida Megachile,(Xanthosarus),gemula,cressonii,m,Megachile gemula cressoniiMegachile,(Xanthosarus),melanophaea,,m,Megachile melanophaea Megachile,(Xanthosarus),perihirta,,m,Megachile perihirta Melecta,,edwardsi,,m,Melecta edwardsi Melecta,(Melecta),pacifica,,m,Melecta pacifica Melecta,(Melecta),thoracica,,m,Melecta thoracica Melissodes,(Callimelissodes),lupina,,m,Melissodes lupina Melissodes,(Eumelissodes),bicolorata,,m,Melissodes bicolorata Melissodes,(Eumelissodes),microsticta,,m,Melissodes microsticta Melissodes,(Eumelissodes),pallidisignata,,m,Melissodes pallidisignata Melissodes,(Melissodes),communis,alopex,m,Melissodes communis alopexMicralictoides,,grossus,,m,Micralictoides grossus Nomada,(Centrias),crotchii,nigrior,m,Nomada crotchii nigriorNomada,(Gnathias),rhodalis,,m,Nomada rhodalis Nomada,(Holonomada),edwardsii,,m,Nomada edwardsii Nomada,(Nomadita),verecunda,,m,Nomada verecunda Oreopasites,,vanduzeei,,m,Oreopasites vanduzeei Osmia,,claremontensis,,m,Osmia claremontensis Osmia,(Acanthosmioides),giffardi,,m,Osmia giffardi Osmia,(Acanthosmioides),giliarum,,m,Osmia giliarum Osmia,(Acanthosmioides),integra,,m,Osmia integra Osmia,(Acanthosmioides),nifoata,,m,Osmia nifoata Osmia,(Acanthosmioides),nigrifrons,,m,Osmia nigrifrons Osmia,(Acanthosmioides),obliqua,,m,Osmia obliqua Osmia,(Acanthosmioides),physariae,,m,Osmia physariae Osmia,(Cephalosmia),californica,,m,Osmia californica Osmia,(Cephalosmia),grinnelli,,m,Osmia grinnelli Osmia,(Cephalosmia),marginipennis,,m,Osmia marginipennis Osmia,(Cephalosmia),montana,quadriceps,m,Osmia montana quadricepsOsmia,(Cephalosmia),subaustralis,,m,Osmia subaustralis Osmia,(Euthosmia),glauca,,m,Osmia glauca Osmia,(Helicosmia),coloradensis,,m,Osmia coloradensis Osmia,(Helicosmia),texana,,m,Osmia texana Osmia,(Melanosmia),aglaia,,m,Osmia aglaia Osmia,(Melanosmia),albolateralis,,m,Osmia albolateralis Osmia,(Melanosmia),atrocyanea,,m,Osmia atrocyanea Osmia,(Melanosmia),austromaritima,,m,Osmia austromaritima Osmia,(Melanosmia),bakeri,,m,Osmia bakeri Osmia,(Melanosmia),brevis,,m,Osmia brevis Osmia,(Melanosmia),bruneri,,m,Osmia bruneri Osmia,(Melanosmia),cahuilla,,m,Osmia cahuilla Osmia,(Melanosmia),calla,,m,Osmia calla Osmia,(Melanosmia),callaformis,,m,Osmia callaformis Osmia,(Melanosmia),cara,,m,Osmia cara Osmia,(Melanosmia),cobaltina,,m,Osmia cobaltina Osmia,(Melanosmia),cyanella,,m,Osmia cyanella Osmia,(Melanosmia),cyanopoda,,m,Osmia cyanopoda Osmia,(Melanosmia),densa,,m,Osmia densa Osmia,(Melanosmia),ednae,,m,Osmia ednae Osmia,(Melanosmia),exigua,,m,Osmia exigua Osmia,(Melanosmia),gabrielis,,m,Osmia gabrielis Osmia,(Melanosmia),gaudiosa,,m,Osmia gaudiosa Osmia,(Melanosmia),grindeliae,,m,Osmia grindeliae Osmia,(Melanosmia),hemera,,m,Osmia hemera Osmia,(Melanosmia),hesperos,,m,Osmia hesperos Osmia,(Melanosmia),inermis,,m,Osmia inermis Osmia,(Melanosmia),inurbana,,m,Osmia inurbana Osmia,(Melanosmia),juxta,,m,Osmia juxta Osmia,(Melanosmia),kincaidii,,m,Osmia kincaidii Osmia,(Melanosmia),laeta,,m,Osmia laeta Osmia,(Melanosmia),malina,,m,Osmia malina Osmia,(Melanosmia),nanula,,m,Osmia nanula Osmia,(Melanosmia),paradisica,,m,Osmia paradisica Osmia,(Melanosmia),pentstemonis,,m,Osmia pentstemonis Osmia,(Melanosmia),pikei,,m,Osmia pikei Osmia,(Melanosmia),pulsatillae,,m,Osmia pulsatillae Osmia,(Melanosmia),pusilla,,m,Osmia pusilla Osmia,(Melanosmia),regulina,,m,Osmia regulina Osmia,(Melanosmia),sculleni,,m,Osmia sculleni Osmia,(Melanosmia),trevoris,,m,Osmia trevoris Osmia,(Melanosmia),tristella,,m,Osmia tristella Osmia,(Melanosmia),visenda,,m,Osmia visenda Osmia,(Mystacosmia),nemoris,,m,Osmia nemoris Osmia,(Osmia),lignaria,propinqua,m,Osmia lignaria propinquaOsmia,(Osmia),ribifloris,biedermannii,m,Osmia ribifloris biedermanniiOsmia,(Trichinosmia),latisulcata,,m,Osmia latisulcata Panurginus,,nigrellus,,m,Panurginus nigrellus Panurginus,,occidentalis,,m,Panurginus occidentalis Panurginus,,quadratus,,m,Panurginus quadratus Perdita,(Hesperoperdita),trisignata,ornata,m,Perdita trisignata ornataPerdita,(Perdita),hirticeps,hirticeps,m,Perdita hirticeps hirticepsPerdita,(Perdita),oregonensis,expleta,m,Perdita oregonensis expletaPerdita,(Perdita),rivalis,,m,Perdita rivalis Perdita,(Perdita),yosemitensis,,m,Perdita yosemitensis Perdita,(Pygoperdita),nevadensis,culbertsoni,m,Perdita nevadensis culbertsoniPerdita,(Pygoperdita),quadrisignata,,m,Perdita quadrisignata Perdita,(Pygoperdita),tularensis,,m,Perdita tularensis Perdita,(Pygoperdita),vandykei,,m,Perdita vandykei Protosmia,(Chelostomopsis),rubifloris,,m,Protosmia rubifloris Stelis,(Dolichostelis),laticincta,,m,Stelis laticincta Stelis,(Stelis),albosignata,,m,Stelis albosignata Stelis,(Stelis),anasazi,,m,Stelis anasazi Stelis,(Stelis),calliphorina,,m,Stelis calliphorina Stelis,(Stelis),carnifex,,m,Stelis carnifex Stelis,(Stelis),cockerelli,,m,Stelis cockerelli Stelis,(Stelis),holocyanea,,m,Stelis holocyanea Stelis,(Stelis),incisa,,m,Stelis incisa Stelis,(Stelis),interrupta,,m,Stelis interrupta Stelis,(Stelis),linsleyi,,m,Stelis linsleyi Stelis,(Stelis),montana,,m,Stelis montana Stelis,(Stelis),monticola,,m,Stelis monticola Stelis,(Stelis),occidentalis,,m,Stelis occidentalis Stelis,(Stelis),pavonina,,m,Stelis pavonina Stelis,(Stelis),semirubra,,m,Stelis semirubra Stelis,(Stelis),subcaerulea,,m,Stelis subcaerulea Stelis,(Stelis),subemarginata,,m,Stelis subemarginata Triepeolus,(Triepeolus),subalpinus,,m,Triepeolus subalpinus Triepeolus,(Triepeolus),vandykei,,m,Triepeolus vandykei Xeromelecta,(Melectomorpha),californica,,m,Xeromelecta californica Xylocopa,(Notoxylocopa),tabaniformis,orpifex,m,Xylocopa tabaniformis orpifexXylocopa,(Xylocopoides),californica,californica,m,Xylocopa californica californicaAgapostemon,(Agapostemon),angelicus,,f,Agapostemon angelicus Agapostemon,(Agapostemon),texanus,,f,Agapostemon texanus Andrena,(Anchandrena),quercina,,f,Andrena quercina Andrena,(Andrena),birtwelli,,f,Andrena birtwelli Andrena,(Andrena),ceanothifloris,cretata,f,Andrena ceanothifloris cretataAndrena,(Andrena),edwardsi,,f,Andrena edwardsi Andrena,(Andrena),frigida,,f,Andrena frigida Andrena,(Andrena),hemileuca,,f,Andrena hemileuca Andrena,(Andrena),mesoleuca,,f,Andrena mesoleuca Andrena,(Andrena),monoensis,,f,Andrena monoensis Andrena,(Andrena),monogonoparia,,f,Andrena monogonoparia Andrena,(Andrena),prolixa,,f,Andrena prolixa Andrena,(Andrena),thaspii,,f,Andrena thaspii Andrena,(Andrena),vicinoides,,f,Andrena vicinoides Andrena,(Andrena),washingtoni,,f,Andrena washingtoni Andrena,(Cnemidandrena),columbiana,,f,Andrena columbiana Andrena,(Cnemidandrena),scutellinitens,,f,Andrena scutellinitens Andrena,(Cnemidandrena),surda,,f,Andrena surda Andrena,(Dasyandrena),cristata,,f,Andrena cristata Andrena,(Dasyandrena),obscuripostica,,f,Andrena obscuripostica Andrena,(Derandrena),arctostaphylae,,f,Andrena arctostaphylae Andrena,(Derandrena),vandykei,,f,Andrena vandykei Andrena,(Diandrena),chalybaea,,f,Andrena chalybaea Andrena,(Diandrena),chalybioides,,f,Andrena chalybioides Andrena,(Diandrena),chlorosoma,,f,Andrena chlorosoma Andrena,(Diandrena),lewisorum,,f,Andrena lewisorum Andrena,(Diandrena),nothocalaidis,,f,Andrena nothocalaidis Andrena,(Diandrena),subapasta,,f,Andrena subapasta Andrena,(Erandrena),principalis,,f,Andrena principalis Andrena,(Euandrena),astragali,,f,Andrena astragali Andrena,(Euandrena),auricoma,,f,Andrena auricoma Andrena,(Euandrena),caerulea,,f,Andrena caerulea Andrena,(Euandrena),chlorura,,f,Andrena chlorura Andrena,(Euandrena),hamulata,,f,Andrena hamulata Andrena,(Euandrena),nigrihirta,,f,Andrena nigrihirta Andrena,(Euandrena),nigrocaerulea,,f,Andrena nigrocaerulea Andrena,(Euandrena),ribblei,,f,Andrena ribblei Andrena,(Geissandrena),trevoris,,f,Andrena trevoris Andrena,(Hesperandrena),pulverea,,f,Andrena pulverea Andrena,(Holandrena),cressonii,infasciata,f,Andrena cressonii infasciataAndrena,(Larandrena),miserabilis,,f,Andrena miserabilis Andrena,(Leucandrena),barbilabris,,f,Andrena barbilabris Andrena,(Melandrena),cerasifolii,,f,Andrena cerasifolii Andrena,(Melandrena),nivalis,,f,Andrena nivalis Andrena,(Melandrena),pertristis,carliniformis,f,Andrena pertristis carliniformisAndrena,(Melandrena),transnigra,,f,Andrena transnigra Andrena,(Micrandrena),chlorogaster,,f,Andrena chlorogaster Andrena,(Micrandrena),melanochroa,,f,Andrena melanochroa Andrena,(Onagrandrena),omninigra,omninigra,f,Andrena omninigra omninigraAndrena,(Parandrena),concinnula,,f,Andrena concinnula Andrena,(Plastandrena),prunorum,prunorum,f,Andrena prunorum prunorumAndrena,(Psammandrena),congrua,,f,Andrena congrua Andrena,(Scaphandrena),chapmanae,,f,Andrena chapmanae Andrena,(Scaphandrena),cruciferarum,,f,Andrena cruciferarum Andrena,(Scaphandrena),lomatii,,f,Andrena lomatii Andrena,(Scaphandrena),merriami,,f,Andrena merriami Andrena,(Simandrena),angustitarsata,,f,Andrena angustitarsata Andrena,(Simandrena),pallidifovea,,f,Andrena pallidifovea Andrena,(Thysandrena),candida,,f,Andrena candida Andrena,(Thysandrena),knuthiana,,f,Andrena knuthiana Andrena,(Thysandrena),medionitens,,f,Andrena medionitens Andrena,(Thysandrena),vierecki,,f,Andrena vierecki Andrena,(Trachandrena),cleodora,cleodora,f,Andrena cleodora cleodoraAndrena,(Trachandrena),forbesii,,f,Andrena forbesii Andrena,(Trachandrena),miranda,,f,Andrena miranda Andrena,(Trachandrena),quintiliformis,,f,Andrena quintiliformis Andrena,(Trachandrena),striatifrons,,f,Andrena striatifrons Andrena,(Tylandrena),subaustralis,,f,Andrena subaustralis Anthidiellum,(Loyalanthidium),ehrhorni,,f,Anthidiellum ehrhorni Anthidiellum,(Loyalanthidium),notatum,robertsoni,f,Anthidiellum notatum robertsoniAnthidiellum,(Loyalanthidium),robertsoni,,f,Anthidiellum robertsoni Anthidium,(Anthidium),atrifrons,,f,Anthidium atrifrons Anthidium,(Anthidium),banningense,,f,Anthidium banningense Anthidium,(Anthidium),clypeodentatum,,f,Anthidium clypeodentatum Anthidium,(Anthidium),maculosum,,f,Anthidium maculosum Anthidium,(Anthidium),mormonum,,f,Anthidium mormonum Anthidium,(Anthidium),placitum,,f,Anthidium placitum Anthidium,(Anthidium),tenuiflorae,,f,Anthidium tenuiflorae Anthidium,(Anthidium),utahense,,f,Anthidium utahense Anthidium,(Callanthidium),illustre,,f,Anthidium illustre Anthophora,(Anthophoroides),phaceliae,,f,Anthophora phaceliae Anthophora,(Clisodon),terminalis,,f,Anthophora terminalis Anthophora,(Heliophila),exigua,,f,Anthophora exigua Anthophora,(Melea),bomboides,,f,Anthophora bomboides Anthophora,(Mystacanthophora),urbana,,f,Anthophora urbana Anthophora,(Paramegilla),centriformis,,f,Anthophora centriformis Apis,,mellifera,,f,Apis mellifera Ashmeadiella,(Arogochila),australis,,f,Ashmeadiella australis Ashmeadiella,(Arogochila),eurynorhyncha,,f,Ashmeadiella eurynorhyncha Ashmeadiella,(Arogochila),salviae,,f,Ashmeadiella salviae Ashmeadiella,(Arogochila),stenognatha,,f,Ashmeadiella stenognatha Ashmeadiella,(Arogochila),timberlakei,,f,Ashmeadiella timberlakei Ashmeadiella,(Ashmeadiella),aridula,,f,Ashmeadiella aridula Ashmeadiella,(Ashmeadiella),bucconis,bucconis,f,Ashmeadiella bucconis bucconisAshmeadiella,(Ashmeadiella),cactorum,,f,Ashmeadiella cactorum Ashmeadiella,(Ashmeadiella),californica,,f,Ashmeadiella californica Ashmeadiella,(Ashmeadiella),cubiceps,cubiceps,f,Ashmeadiella cubiceps cubicepsAshmeadiella,(Ashmeadiella),difugita,emarginatula,f,Ashmeadiella difugita emarginatulaAshmeadiella,(Ashmeadiella),foveata,,f,Ashmeadiella foveata Ashmeadiella,(Ashmeadiella),gillettei,,f,Ashmeadiella gillettei Ashmeadiella,(Ashmeadiella),meliloti,,f,Ashmeadiella meliloti Atoposmia,(Atoposmia),abjecta,alta,f,Atoposmia abjecta altaAtoposmia,(Atoposmia),elongata,,f,Atoposmia elongata Atoposmia,(Atoposmia),hebitis,,f,Atoposmia hebitis Atoposmia,(Atoposmia),oregona,,f,Atoposmia oregona Atoposmia,(Atoposmia),triodonta,shastensis,f,Atoposmia triodonta shastensisAtoposmia,(Hexosmia),copelandica,,f,Atoposmia copelandica Bombus,(Alpinobombus),balteatus,,f,Bombus balteatus Bombus,(Crotchiibombus),crotchii,,f,Bombus crotchii Bombus,(Fervidobombus),californicus,,f,Bombus californicus Bombus,(Psithyrus),fernaldae,,f,Bombus fernaldae Bombus,(Psithyrus),insularis,,f,Bombus insularis Bombus,(Pyrobombus),bifarius,,f,Bombus bifarius Bombus,(Pyrobombus),flavifrons,,f,Bombus flavifrons Bombus,(Pyrobombus),melanopygus,,f,Bombus melanopygus Bombus,(Pyrobombus),mixtus,,f,Bombus mixtus Bombus,(Pyrobombus),sylvicola,,f,Bombus sylvicola Bombus,(Pyrobombus),vandykei,,f,Bombus vandykei Bombus,(Pyrobombus),vosnesenskii,,f,Bombus vosnesenskii Bombus,(Separatobombus),morrisoni,,f,Bombus morrisoni Calliopsis,(Micronomadopsis),fracta,,f,Calliopsis fracta Calliopsis,(Micronomadopsis),trifolii,,f,Calliopsis trifolii Calliopsis,(Nomadopsis),anthidia,anthidia,f,Calliopsis anthidia anthidiaCalliopsis,(Nomadopsis),cincta,cincta,f,Calliopsis cincta cinctaCalliopsis,(Nomadopsis),edwardsii,,f,Calliopsis edwardsii Calliopsis,(Nomadopsis),linsleyi,,f,Calliopsis linsleyi Calliopsis,(Nomadopsis),micheneri,,f,Calliopsis micheneri Calliopsis,(Nomadopsis),zonalis,sierrae,f,Calliopsis zonalis sierraeCeratina,(Ceratina),arizonensis,,f,Ceratina arizonensis Ceratina,(Zadontomerus),acantha,,f,Ceratina acantha Ceratina,(Zadontomerus),nanula,,f,Ceratina nanula Ceratina,(Zadontomerus),pacifica,,f,Ceratina pacifica Ceratina,(Zadontomerus),punctigena,,f,Ceratina punctigena Ceratina,(Zadontomerus),sequoiae,,f,Ceratina sequoiae Ceratina,(Zadontomerus),tejonensis,,f,Ceratina tejonensis Ceratina,(Zadontomerus),timberlakei,,f,Ceratina timberlakei Chelostoma,(Chelostoma),cockerelli,,f,Chelostoma cockerelli Chelostoma,(Chelostoma),incisulum,,f,Chelostoma incisulum Chelostoma,(Chelostoma),marginatum,incisuloides,f,Chelostoma marginatum incisuloidesChelostoma,(Chelostoma),minutum,,f,Chelostoma minutum Chelostoma,(Chelostoma),phaceliae,,f,Chelostoma phaceliae Coelioxys,(Boreocoelioxys),moesta,,f,Coelioxys moesta Coelioxys,(Boreocoelioxys),novomexicana,,f,Coelioxys novomexicana Coelioxys,(Boreocoelioxys),porterae,,f,Coelioxys porterae Coelioxys,(Coelioxys),aff. sodalis,,f,Coelioxys aff. sodalis Coelioxys,(Coelioxys),serricaudata,,f,Coelioxys serricaudata Coelioxys,(Coelioxys),sodalis,,f,Coelioxys sodalis Coelioxys,(Cyrtocoelioxys),aff. gilensis,,f,Coelioxys aff. gilensis Coelioxys,(Synocoelioxys),apacheorum,,f,Coelioxys apacheorum Colletes,,gypsicolens,,f,Colletes gypsicolens Colletes,consors,consors,pascoensis,f,Colletes consors pascoensisColletes,consors,nigrifrons,,f,Colletes nigrifrons Colletes,consors,paniscus,mertensiae,f,Colletes paniscus mertensiaeColletes,hyalinus,lutzi,monticola,f,Colletes lutzi monticolaColletes,simulans,fulgidus,fulgidus,f,Colletes fulgidus fulgidusColletes,simulans,kincaidii,,f,Colletes kincaidii Colletes,simulans,slevini,,f,Colletes slevini Diadasia,,angusticeps,,f,Diadasia angusticeps Diadasia,,bituberculata,,f,Diadasia bituberculata Diadasia,,diminuta,,f,Diadasia diminuta Diadasia,,laticauda,,f,Diadasia laticauda Diadasia,,nigrifrons,,f,Diadasia nigrifrons Dianthidium,(Dianthidium),dubium,,f,Dianthidium dubium Dianthidium,(Dianthidium),dubium,dubium,f,Dianthidium dubium dubiumDianthidium,(Dianthidium),heterulkei,heterulkei,f,Dianthidium heterulkei heterulkeiDianthidium,(Dianthidium),plenum,,f,Dianthidium plenum Dianthidium,(Dianthidium),pudicum,,f,Dianthidium pudicum Dianthidium,(Dianthidium),pudicum,pudicum,f,Dianthidium pudicum pudicumDianthidium,(Dianthidium),singulare,,f,Dianthidium singulare Dianthidium,(Dianthidium),ulkei,,f,Dianthidium ulkei Dioxys,,aurifusca,,f,Dioxys aurifusca Dioxys,,pacifica,pacifica,f,Dioxys pacifica pacificaDioxys,,pomonae,pomonae,f,Dioxys pomonae pomonaeDioxys,,producta,cismontanica,f,Dioxys producta cismontanicaDufourea,,bernardina,,f,Dufourea bernardina Dufourea,,calochorti,,f,Dufourea calochorti Dufourea,,cuprea,,f,Dufourea cuprea Dufourea,,femorata,,f,Dufourea femorata Dufourea,,fimbriata,,f,Dufourea fimbriata Dufourea,,holocyanea,,f,Dufourea holocyanea Dufourea,,nemophilae,,f,Dufourea nemophilae Dufourea,,neospinifera,,f,Dufourea neospinifera Dufourea,,pectinipes,,f,Dufourea pectinipes Dufourea,,spilura,,f,Dufourea spilura Dufourea,,subdavidsoni,,f,Dufourea subdavidsoni Dufourea,,trochantera,,f,Dufourea trochantera Dufourea,,versatilis,rubriventris,f,Dufourea versatilis rubriventrisEpeolus,,americanus,,f,Epeolus americanus Epeolus,,compactus,,f,Epeolus compactus Epeolus,,minimus,,f,Epeolus minimus Eucera,(Synhalonia),acerba,,f,Eucera acerba Eucera,(Synhalonia),actuosa,,f,Eucera actuosa Eucera,(Synhalonia),edwardsii,,f,Eucera edwardsii Eucera,(Synhalonia),frater,albopilosa,f,Eucera frater albopilosaEucera,(Synhalonia),lunata,,f,Eucera lunata Eucera,(Synhalonia),venusta,carinata,f,Eucera venusta carinataHabropoda,,dammersi,,f,Habropoda dammersi Habropoda,,depressa,,f,Habropoda depressa Habropoda,,tristissima,,f,Habropoda tristissima Halictus,(Halictus),farinosus,,f,Halictus farinosus Halictus,(Halictus),ligatus,,f,Halictus ligatus Halictus,(Halictus),rubicundus,,f,Halictus rubicundus Halictus,(Seladonia),tripartitus,,f,Halictus tripartitus Heriades,(Neotrypetes),cressoni,,f,Heriades cressoni Hesperapis,(Panurgomia),regularis,,f,Hesperapis regularis Hoplitis,(Acrosmia),laevibullata,,f,Hoplitis laevibullata Hoplitis,(Alcidamea),colei,,f,Hoplitis colei Hoplitis,(Alcidamea),grinnelli,,f,Hoplitis grinnelli Hoplitis,(Alcidamea),producta,bernardina,f,Hoplitis producta bernardinaHoplitis,(Alcidamea),producta,gracilis,f,Hoplitis producta gracilisHoplitis,(Alcidamea),sambuci,,f,Hoplitis sambuci Hoplitis,(Alcidamea),uvulalis,,f,Hoplitis uvulalis Hoplitis,(Cyrtosmia),hypocrita,,f,Hoplitis hypocrita Hoplitis,(Hoplitina),linsdalei,,f,Hoplitis linsdalei Hoplitis,(Monumetha),albifrons,maura,f,Hoplitis albifrons mauraHoplitis,(Monumetha),fulgida,platyura,f,Hoplitis fulgida platyuraHoplitis,(Proteriades),nanula,sparsa,f,Hoplitis nanula sparsaHoplitis,(Proteriades),seminigra,,f,Hoplitis seminigra Hylaeus,(Cephalylaeus),basalis,,f,Hylaeus basalis Hylaeus,(Cephalylaeus),nunenmacheri,,f,Hylaeus nunenmacheri Hylaeus,(Hylaeus),annulatus,,f,Hylaeus annulatus Hylaeus,(Hylaeus),granulatus,,f,Hylaeus granulatus Hylaeus,(Hylaeus),mesillae,cressoni,f,Hylaeus mesillae cressoniHylaeus,(Hylaeus),rudbeckiae,,f,Hylaeus rudbeckiae Hylaeus,(Hylaeus),verticalis,,f,Hylaeus verticalis Hylaeus,(Paraprosopis),calvus,,f,Hylaeus calvus Hylaeus,(Paraprosopis),coloradensis,,f,Hylaeus coloradensis Hylaeus,(Paraprosopis),nevadensis,,f,Hylaeus nevadensis Hylaeus,(Paraprosopis),personatellus,,f,Hylaeus personatellus Hylaeus,(Paraprosopis),polifolii,,f,Hylaeus polifolii Hylaeus,(Paraprosopis),timberlakei,,f,Hylaeus timberlakei Hylaeus,(Paraprosopis),wootoni,,f,Hylaeus wootoni Hylaeus,(Prosopis),episcopalis,,f,Hylaeus episcopalis Hylaeus,(Prosopis),episcopalis,episcopalis,f,Hylaeus episcopalis episcopalisHylaeus,(Prosopis),episcopalis,giffardiellus,f,Hylaeus episcopalis giffardiellusHylaeus,(Prosopis),modestus,citrinifrons,f,Hylaeus modestus citrinifronsLasioglossum,(Dialictus),albohirtum,,f,Lasioglossum albohirtum Lasioglossum,(Dialictus),albuquerquense,,f,Lasioglossum albuquerquense Lasioglossum,(Dialictus),brunneiventre,,f,Lasioglossum brunneiventre Lasioglossum,(Dialictus),cyaneonotum,,f,Lasioglossum cyaneonotum Lasioglossum,(Dialictus),glabriventre,,f,Lasioglossum glabriventre Lasioglossum,(Dialictus),hyalinum,,f,Lasioglossum hyalinum Lasioglossum,(Dialictus),incompletum,,f,Lasioglossum incompletum Lasioglossum,(Dialictus),knereri,,f,Lasioglossum knereri Lasioglossum,(Dialictus),nevadense,,f,Lasioglossum nevadense Lasioglossum,(Dialictus),nevadense shiney,,f,Lasioglossum nevadense shiney Lasioglossum,(Dialictus),obscurior,,f,Lasioglossum obscurior Lasioglossum,(Dialictus),petrellum,,f,Lasioglossum petrellum Lasioglossum,(Dialictus),pilosum,pilosum,f,Lasioglossum pilosum pilosumLasioglossum,(Dialictus),punctatoventre,,f,Lasioglossum punctatoventre Lasioglossum,(Dialictus),ruidosense,,f,Lasioglossum ruidosense Lasioglossum,(Dialictus),semicaeruleum,,f,Lasioglossum semicaeruleum Lasioglossum,(Dialictus),tegulare,,f,Lasioglossum tegulare Lasioglossum,(Dialictus),tuolumnense,,f,Lasioglossum tuolumnense Lasioglossum,(Dialictus),veganum,,f,Lasioglossum veganum Lasioglossum,(Evylaeus),allonotum,,f,Lasioglossum allonotum Lasioglossum,(Evylaeus),inconditus,,f,Lasioglossum inconditus Lasioglossum,(Evylaeus),ovaliceps,,f,Lasioglossum ovaliceps Lasioglossum,(Lasioglossum),anhypops,,f,Lasioglossum anhypops Lasioglossum,(Lasioglossum),egregium,,f,Lasioglossum egregium Lasioglossum,(Lasioglossum),mellipes,,f,Lasioglossum mellipes Lasioglossum,(Lasioglossum),olympiae,,f,Lasioglossum olympiae Lasioglossum,(Lasioglossum),sisymbrii,,f,Lasioglossum sisymbrii Lasioglossum,(Lasioglossum),timberlakei,,f,Lasioglossum timberlakei Lasioglossum,(Lasioglossum),titusi,,f,Lasioglossum titusi Lasioglossum,(Lasioglossum),trizonatum,,f,Lasioglossum trizonatum Megachile,(Argyropile),parallela,,f,Megachile parallela Megachile,(Chelostomoides),angelarum,,f,Megachile angelarum Megachile,(Chelostomoides),texensis,,f,Megachile texensis Megachile,(Eutricharaea),apicalis,,f,Megachile apicalis Megachile,(Eutricharaea),melanogaster,,f,Megachile melanogaster Megachile,(Leptorachis),angularis,,f,Megachile angularis Megachile,(Litomegachile),brevis,onobrychidis,f,Megachile brevis onobrychidisMegachile,(Litomegachile),gentilis,,f,Megachile gentilis Megachile,(Litomegachile),texana,,f,Megachile texana Megachile,(Megachile),montivaga,,f,Megachile montivaga Megachile,(Megachile),relativa,,f,Megachile relativa Megachile,(Megachiloides),gravita,,f,Megachile gravita Megachile,(Megachiloides),pascoensis,,f,Megachile pascoensis Megachile,(Megachiloides),pseudonigra,,f,Megachile pseudonigra Megachile,(Megachiloides),subnigra,,f,Megachile subnigra Megachile,(Megachiloides),subnigra,angelica,f,Megachile subnigra angelicaMegachile,(Megachiloides),wheeleri,,f,Megachile wheeleri Megachile,(Sayapis),fidelis,,f,Megachile fidelis Megachile,(Sayapis),frugalis,pseudofrugalis,f,Megachile frugalis pseudofrugalisMegachile,(Sayapis),inimica,jacumbensis,f,Megachile inimica jacumbensisMegachile,(Sayapis),inimica,sayi,f,Megachile inimica sayiMegachile,(Sayapis),policaris,,f,Megachile policaris Megachile,(Sayapis),pugnata,pomonae,f,Megachile pugnata pomonaeMegachile,(Xanthosarus),frigida,,f,Megachile frigida Megachile,(Xanthosarus),gemula,cressonii,f,Megachile gemula cressoniiMegachile,(Xanthosarus),melanophaea,,f,Megachile melanophaea Megachile,(Xanthosarus),perihirta,,f,Megachile perihirta Melecta,,edwardsi,,f,Melecta edwardsi Melecta,(Melecta),pacifica,,f,Melecta pacifica Melecta,(Melecta),thoracica,,f,Melecta thoracica Melissodes,(Callimelissodes),lupina,,f,Melissodes lupina Melissodes,(Eumelissodes),bicolorata,,f,Melissodes bicolorata Melissodes,(Eumelissodes),microsticta,,f,Melissodes microsticta Melissodes,(Eumelissodes),pallidisignata,,f,Melissodes pallidisignata Melissodes,(Melissodes),communis,alopex,f,Melissodes communis alopexMicralictoides,,grossus,,f,Micralictoides grossus Nomada,(Centrias),crotchii,nigrior,f,Nomada crotchii nigriorNomada,(Gnathias),rhodalis,,f,Nomada rhodalis Nomada,(Holonomada),edwardsii,,f,Nomada edwardsii Nomada,(Nomadita),verecunda,,f,Nomada verecunda Oreopasites,,vanduzeei,,f,Oreopasites vanduzeei Osmia,,claremontensis,,f,Osmia claremontensis Osmia,(Acanthosmioides),giffardi,,f,Osmia giffardi Osmia,(Acanthosmioides),giliarum,,f,Osmia giliarum Osmia,(Acanthosmioides),integra,,f,Osmia integra Osmia,(Acanthosmioides),nifoata,,f,Osmia nifoata Osmia,(Acanthosmioides),nigrifrons,,f,Osmia nigrifrons Osmia,(Acanthosmioides),obliqua,,f,Osmia obliqua Osmia,(Acanthosmioides),physariae,,f,Osmia physariae Osmia,(Cephalosmia),californica,,f,Osmia californica Osmia,(Cephalosmia),grinnelli,,f,Osmia grinnelli Osmia,(Cephalosmia),marginipennis,,f,Osmia marginipennis Osmia,(Cephalosmia),montana,quadriceps,f,Osmia montana quadricepsOsmia,(Cephalosmia),subaustralis,,f,Osmia subaustralis Osmia,(Euthosmia),glauca,,f,Osmia glauca Osmia,(Helicosmia),coloradensis,,f,Osmia coloradensis Osmia,(Helicosmia),texana,,f,Osmia texana Osmia,(Melanosmia),aglaia,,f,Osmia aglaia Osmia,(Melanosmia),albolateralis,,f,Osmia albolateralis Osmia,(Melanosmia),atrocyanea,,f,Osmia atrocyanea Osmia,(Melanosmia),austromaritima,,f,Osmia austromaritima Osmia,(Melanosmia),bakeri,,f,Osmia bakeri Osmia,(Melanosmia),brevis,,f,Osmia brevis Osmia,(Melanosmia),bruneri,,f,Osmia bruneri Osmia,(Melanosmia),cahuilla,,f,Osmia cahuilla Osmia,(Melanosmia),calla,,f,Osmia calla Osmia,(Melanosmia),callaformis,,f,Osmia callaformis Osmia,(Melanosmia),cara,,f,Osmia cara Osmia,(Melanosmia),cobaltina,,f,Osmia cobaltina Osmia,(Melanosmia),cyanella,,f,Osmia cyanella Osmia,(Melanosmia),cyanopoda,,f,Osmia cyanopoda Osmia,(Melanosmia),densa,,f,Osmia densa Osmia,(Melanosmia),ednae,,f,Osmia ednae Osmia,(Melanosmia),exigua,,f,Osmia exigua Osmia,(Melanosmia),gabrielis,,f,Osmia gabrielis Osmia,(Melanosmia),gaudiosa,,f,Osmia gaudiosa Osmia,(Melanosmia),grindeliae,,f,Osmia grindeliae Osmia,(Melanosmia),hemera,,f,Osmia hemera Osmia,(Melanosmia),hesperos,,f,Osmia hesperos Osmia,(Melanosmia),inermis,,f,Osmia inermis Osmia,(Melanosmia),inurbana,,f,Osmia inurbana Osmia,(Melanosmia),juxta,,f,Osmia juxta Osmia,(Melanosmia),kincaidii,,f,Osmia kincaidii Osmia,(Melanosmia),laeta,,f,Osmia laeta Osmia,(Melanosmia),malina,,f,Osmia malina Osmia,(Melanosmia),nanula,,f,Osmia nanula Osmia,(Melanosmia),paradisica,,f,Osmia paradisica Osmia,(Melanosmia),pentstemonis,,f,Osmia pentstemonis Osmia,(Melanosmia),pikei,,f,Osmia pikei Osmia,(Melanosmia),pulsatillae,,f,Osmia pulsatillae Osmia,(Melanosmia),pusilla,,f,Osmia pusilla Osmia,(Melanosmia),regulina,,f,Osmia regulina Osmia,(Melanosmia),sculleni,,f,Osmia sculleni Osmia,(Melanosmia),trevoris,,f,Osmia trevoris Osmia,(Melanosmia),tristella,,f,Osmia tristella Osmia,(Melanosmia),visenda,,f,Osmia visenda Osmia,(Mystacosmia),nemoris,,f,Osmia nemoris Osmia,(Osmia),lignaria,propinqua,f,Osmia lignaria propinquaOsmia,(Osmia),ribifloris,biedermannii,f,Osmia ribifloris biedermanniiOsmia,(Trichinosmia),latisulcata,,f,Osmia latisulcata Panurginus,,nigrellus,,f,Panurginus nigrellus Panurginus,,occidentalis,,f,Panurginus occidentalis Panurginus,,quadratus,,f,Panurginus quadratus Perdita,(Hesperoperdita),trisignata,ornata,f,Perdita trisignata ornataPerdita,(Perdita),hirticeps,hirticeps,f,Perdita hirticeps hirticepsPerdita,(Perdita),oregonensis,expleta,f,Perdita oregonensis expletaPerdita,(Perdita),rivalis,,f,Perdita rivalis Perdita,(Perdita),yosemitensis,,f,Perdita yosemitensis Perdita,(Pygoperdita),nevadensis,culbertsoni,f,Perdita nevadensis culbertsoniPerdita,(Pygoperdita),quadrisignata,,f,Perdita quadrisignata Perdita,(Pygoperdita),tularensis,,f,Perdita tularensis Perdita,(Pygoperdita),vandykei,,f,Perdita vandykei Protosmia,(Chelostomopsis),rubifloris,,f,Protosmia rubifloris Stelis,(Dolichostelis),laticincta,,f,Stelis laticincta Stelis,(Stelis),albosignata,,f,Stelis albosignata Stelis,(Stelis),anasazi,,f,Stelis anasazi Stelis,(Stelis),calliphorina,,f,Stelis calliphorina Stelis,(Stelis),carnifex,,f,Stelis carnifex Stelis,(Stelis),cockerelli,,f,Stelis cockerelli Stelis,(Stelis),holocyanea,,f,Stelis holocyanea Stelis,(Stelis),incisa,,f,Stelis incisa Stelis,(Stelis),interrupta,,f,Stelis interrupta Stelis,(Stelis),linsleyi,,f,Stelis linsleyi Stelis,(Stelis),montana,,f,Stelis montana Stelis,(Stelis),monticola,,f,Stelis monticola Stelis,(Stelis),occidentalis,,f,Stelis occidentalis Stelis,(Stelis),pavonina,,f,Stelis pavonina Stelis,(Stelis),semirubra,,f,Stelis semirubra Stelis,(Stelis),subcaerulea,,f,Stelis subcaerulea Stelis,(Stelis),subemarginata,,f,Stelis subemarginata Triepeolus,(Triepeolus),subalpinus,,f,Triepeolus subalpinus Triepeolus,(Triepeolus),vandykei,,f,Triepeolus vandykei Xeromelecta,(Melectomorpha),californica,,f,Xeromelecta californica Xylocopa,(Notoxylocopa),tabaniformis,orpifex,f,Xylocopa tabaniformis orpifexXylocopa,(Xylocopoides),californica,californica,f,Xylocopa californica californica